{"nm":"final 2","ddd":0,"h":1080,"w":1920,"meta":{"g":"@lottiefiles/toolkit-js 0.26.1"},"layers":[{"ty":4,"nm":"reapter 2","sr":0.76666666666667,"st":143.100005828582,"op":230.000009368092,"ip":150.000006109625,"hd":false,"ddd":0,"bm":0,"hasMask":false,"ao":0,"ks":{"a":{"a":0,"k":[0,0,0],"ix":1},"s":{"a":0,"k":[-31,31,100],"ix":6},"sk":{"a":0,"k":0},"p":{"a":0,"k":[564.036,843.928,0],"ix":2},"r":{"a":0,"k":-180,"ix":10},"sa":{"a":0,"k":0},"o":{"a":0,"k":100,"ix":11}},"ef":[],"shapes":[{"ty":"gr","bm":0,"hd":false,"mn":"ADBE Vector Group","nm":"Polystar 1","ix":1,"cix":2,"np":4,"it":[{"ty":"sr","bm":0,"hd":false,"mn":"ADBE Vector Shape - Star","nm":"Polystar Path 1","ix":1,"d":1,"ir":{"a":1,"k":[{"o":{"x":0.333,"y":0},"i":{"x":0.127,"y":1},"s":[75.766],"t":143.1},{"s":[0],"t":186.033340910626}],"ix":6},"is":{"a":0,"k":157,"ix":8},"pt":{"a":0,"k":3,"ix":3},"p":{"a":1,"k":[{"o":{"x":0.333,"y":0},"i":{"x":0.127,"y":1},"s":[0,0],"t":143.1,"ti":[-2.667,81.667],"to":[2.667,-81.667]},{"s":[16,-490],"t":186.033340910626}],"ix":4},"or":{"a":1,"k":[{"o":{"x":0.333,"y":0},"i":{"x":0.127,"y":1},"s":[99.532],"t":143.1},{"s":[0],"t":186.033340910626}],"ix":7},"os":{"a":0,"k":0,"ix":9},"r":{"a":0,"k":144.62,"ix":5},"sy":1},{"ty":"st","bm":0,"hd":false,"mn":"ADBE Vector Graphic - Stroke","nm":"Stroke 1","lc":1,"lj":1,"ml":4,"o":{"a":0,"k":100,"ix":4},"w":{"a":0,"k":0,"ix":5},"c":{"a":0,"k":[1,1,1],"ix":3}},{"ty":"fl","bm":0,"hd":false,"mn":"ADBE Vector Graphic - Fill","nm":"Fill 1","c":{"a":0,"k":[0.9725,0.9725,0.9725],"ix":4},"r":1,"o":{"a":0,"k":100,"ix":5}},{"ty":"rp","bm":0,"hd":false,"mn":"ADBE Vector Filter - Repeater","nm":"Repeater 1","ix":4,"m":1,"c":{"a":0,"k":4,"ix":1},"o":{"a":0,"k":0,"ix":2},"tr":{"a":{"a":0,"k":[0,0],"ix":1},"s":{"a":0,"k":[100,100],"ix":3},"sk":{"a":0,"k":0},"p":{"a":0,"k":[0,0],"ix":2},"r":{"a":0,"k":25,"ix":4},"sa":{"a":0,"k":0},"so":{"a":0,"k":100,"ix":5},"eo":{"a":0,"k":100,"ix":6}}},{"ty":"tr","a":{"a":0,"k":[0,0],"ix":1},"s":{"a":0,"k":[123,123],"ix":3},"sk":{"a":0,"k":0,"ix":4},"p":{"a":0,"k":[-729.169,349.747],"ix":2},"r":{"a":0,"k":-63,"ix":6},"sa":{"a":0,"k":0,"ix":5},"o":{"a":0,"k":100,"ix":7}}]}],"ind":1},{"ty":4,"nm":"reapter","sr":0.76666666666667,"st":194.966674607822,"op":230.000009368092,"ip":208.000008472014,"hd":false,"ddd":0,"bm":0,"hasMask":false,"ao":0,"ks":{"a":{"a":0,"k":[0,0,0],"ix":1},"s":{"a":0,"k":[-31,31,100],"ix":6},"sk":{"a":0,"k":0},"p":{"a":0,"k":[1718.036,293.928,0],"ix":2},"r":{"a":0,"k":-180,"ix":10},"sa":{"a":0,"k":0},"o":{"a":0,"k":100,"ix":11}},"ef":[],"shapes":[{"ty":"gr","bm":0,"hd":false,"mn":"ADBE Vector Group","nm":"Polystar 1","ix":1,"cix":2,"np":4,"it":[{"ty":"sr","bm":0,"hd":false,"mn":"ADBE Vector Shape - Star","nm":"Polystar Path 1","ix":1,"d":1,"ir":{"a":1,"k":[{"o":{"x":0.333,"y":0},"i":{"x":0.127,"y":1},"s":[75.766],"t":194.967},{"s":[0],"t":237.900009689866}],"ix":6},"is":{"a":0,"k":157,"ix":8},"pt":{"a":0,"k":3,"ix":3},"p":{"a":1,"k":[{"o":{"x":0.333,"y":0},"i":{"x":0.127,"y":1},"s":[0,0],"t":194.967,"ti":[-2.667,81.667],"to":[2.667,-81.667]},{"s":[16,-490],"t":237.900009689866}],"ix":4},"or":{"a":1,"k":[{"o":{"x":0.333,"y":0},"i":{"x":0.127,"y":1},"s":[99.532],"t":194.967},{"s":[0],"t":237.900009689866}],"ix":7},"os":{"a":0,"k":0,"ix":9},"r":{"a":0,"k":144.62,"ix":5},"sy":1},{"ty":"st","bm":0,"hd":false,"mn":"ADBE Vector Graphic - Stroke","nm":"Stroke 1","lc":1,"lj":1,"ml":4,"o":{"a":0,"k":100,"ix":4},"w":{"a":0,"k":0,"ix":5},"c":{"a":0,"k":[1,1,1],"ix":3}},{"ty":"fl","bm":0,"hd":false,"mn":"ADBE Vector Graphic - Fill","nm":"Fill 1","c":{"a":0,"k":[0.9725,0.9725,0.9725],"ix":4},"r":1,"o":{"a":0,"k":100,"ix":5}},{"ty":"rp","bm":0,"hd":false,"mn":"ADBE Vector Filter - Repeater","nm":"Repeater 1","ix":4,"m":1,"c":{"a":0,"k":3,"ix":1},"o":{"a":0,"k":0,"ix":2},"tr":{"a":{"a":0,"k":[0,0],"ix":1},"s":{"a":0,"k":[100,100],"ix":3},"sk":{"a":0,"k":0},"p":{"a":0,"k":[0,0],"ix":2},"r":{"a":0,"k":25,"ix":4},"sa":{"a":0,"k":0},"so":{"a":0,"k":100,"ix":5},"eo":{"a":0,"k":100,"ix":6}}},{"ty":"tr","a":{"a":0,"k":[0,0],"ix":1},"s":{"a":0,"k":[100,100],"ix":3},"sk":{"a":0,"k":0,"ix":4},"p":{"a":0,"k":[-447.169,-97.253],"ix":2},"r":{"a":0,"k":82,"ix":6},"sa":{"a":0,"k":0,"ix":5},"o":{"a":0,"k":100,"ix":7}}]}],"ind":2},{"ty":4,"nm":"1st connect","sr":0.76666666666667,"st":0,"op":230.000009368092,"ip":0,"hd":false,"ddd":0,"bm":0,"hasMask":false,"ao":0,"ks":{"a":{"a":0,"k":[0,0,0],"ix":1},"s":{"a":0,"k":[99.737,101.786,100],"ix":6},"sk":{"a":0,"k":0},"p":{"a":0,"k":[1005.542,474.94,0],"ix":2},"r":{"a":0,"k":0,"ix":10},"sa":{"a":0,"k":0},"o":{"a":0,"k":100,"ix":11}},"ef":[{"ty":0,"mn":"ADBE Turbulent Displace","nm":"Turbulent Displace","ix":1,"en":1,"ef":[{"ty":7,"mn":"ADBE Turbulent Displace-0001","nm":"Displacement","ix":1,"v":{"a":0,"k":3,"ix":1}},{"ty":0,"mn":"ADBE Turbulent Displace-0002","nm":"Amount","ix":2,"v":{"a":0,"k":30,"ix":2}},{"ty":0,"mn":"ADBE Turbulent Displace-0003","nm":"Size","ix":3,"v":{"a":0,"k":15,"ix":3}},{"ty":3,"mn":"ADBE Turbulent Displace-0004","nm":"Offset (Turbulence)","ix":4,"v":{"a":0,"k":[960,540],"ix":4}},{"ty":0,"mn":"ADBE Turbulent Displace-0005","nm":"Complexity","ix":5,"v":{"a":0,"k":6.54,"ix":5}},{"ty":0,"mn":"ADBE Turbulent Displace-0006","nm":"Evolution","ix":6,"v":{"a":0,"k":152,"ix":6}},{"ty":6,"mn":"ADBE Turbulent Displace-0007","nm":"Evolution Options","ix":7,"v":0},{"ty":7,"mn":"ADBE Turbulent Displace-0008","nm":"Cycle Evolution","ix":8,"v":{"a":0,"k":0,"ix":8}},{"ty":0,"mn":"ADBE Turbulent Displace-0009","nm":"Cycle (in Revolutions)","ix":9,"v":{"a":0,"k":1,"ix":9}},{"ty":0,"mn":"ADBE Turbulent Displace-0010","nm":"Random Seed","ix":10,"v":{"a":0,"k":0,"ix":10}},{"ty":6,"mn":"ADBE Turbulent Displace-0011","nm":"Random Seed","ix":11,"v":0},{"ty":7,"mn":"ADBE Turbulent Displace-0012","nm":"Pinning","ix":12,"v":{"a":0,"k":3,"ix":12}},{"ty":7,"mn":"ADBE Turbulent Displace-0013","nm":"Resize Layer","ix":13,"v":{"a":0,"k":0,"ix":13}},{"ty":7,"mn":"ADBE Turbulent Displace-0014","nm":"Antialiasing for Best Quality","ix":14,"v":{"a":0,"k":1,"ix":14}}]}],"shapes":[{"ty":"gr","bm":0,"hd":false,"mn":"ADBE Vector Group","nm":"Shape 1","ix":1,"cix":2,"np":3,"it":[{"ty":"sh","bm":0,"hd":false,"mn":"ADBE Vector Shape - Group","nm":"Path 1","ix":1,"d":1,"ks":{"a":0,"k":{"c":false,"i":[[0,0],[-62.892,-43.374],[-19.518,-28.193]],"o":[[0,0],[62.892,43.374],[19.518,28.193]],"v":[[-825.542,-121.446],[-673.735,-281.928],[-565.301,-138.795]]},"ix":2}},{"ty":"st","bm":0,"hd":false,"mn":"ADBE Vector Graphic - Stroke","nm":"Stroke 1","lc":1,"lj":1,"ml":4,"o":{"a":0,"k":100,"ix":4},"w":{"a":0,"k":8,"ix":5},"c":{"a":0,"k":[1,1,1],"ix":3}},{"ty":"tr","a":{"a":0,"k":[0,0],"ix":1},"s":{"a":0,"k":[100,100],"ix":3},"sk":{"a":0,"k":0,"ix":4},"p":{"a":0,"k":[0,0],"ix":2},"r":{"a":0,"k":0,"ix":6},"sa":{"a":0,"k":0,"ix":5},"o":{"a":0,"k":100,"ix":7}}]},{"ty":"gr","bm":0,"hd":false,"mn":"ADBE Vector Group","nm":"Group 1","ix":2,"cix":2,"np":1,"it":[{"ty":"st","bm":0,"hd":false,"mn":"ADBE Vector Graphic - Stroke","nm":"Stroke 1","lc":1,"lj":1,"ml":4,"o":{"a":0,"k":100,"ix":4},"w":{"a":1,"k":[{"o":{"x":0.333,"y":0},"i":{"x":0.667,"y":1.009},"s":[20],"t":0},{"o":{"x":0.333,"y":0.059},"i":{"x":0.667,"y":1},"s":[43.682],"t":3.833},{"s":[0],"t":51.3666687588739}],"ix":5},"c":{"a":0,"k":[1,1,1],"ix":3}},{"ty":"tr","a":{"a":0,"k":[0,0],"ix":1},"s":{"a":0,"k":[100,100],"ix":3},"sk":{"a":0,"k":0,"ix":4},"p":{"a":0,"k":[0,0],"ix":2},"r":{"a":0,"k":0,"ix":6},"sa":{"a":0,"k":0,"ix":5},"o":{"a":0,"k":100,"ix":7}}]},{"ty":"tm","bm":0,"hd":false,"mn":"ADBE Vector Filter - Trim","nm":"Trim Paths 1","ix":3,"e":{"a":1,"k":[{"o":{"x":0.333,"y":0},"i":{"x":0.667,"y":1},"s":[0],"t":0},{"s":[100],"t":51.3666687588739}],"ix":2},"o":{"a":0,"k":0,"ix":3},"s":{"a":1,"k":[{"o":{"x":0.333,"y":0},"i":{"x":0.667,"y":1},"s":[0],"t":7.667},{"s":[100],"t":61.3333358314912}],"ix":1},"m":1}],"ind":3},{"ty":4,"nm":"bottom","sr":0.76666666666667,"st":18.000000733155,"op":230.000009368092,"ip":18.000000733155,"hd":false,"ddd":0,"bm":0,"hasMask":false,"ao":0,"ks":{"a":{"a":0,"k":[0,0,0],"ix":1},"s":{"a":0,"k":[100,100,100],"ix":6},"sk":{"a":0,"k":0},"p":{"a":0,"k":[812,736,0],"ix":2},"r":{"a":0,"k":0,"ix":10},"sa":{"a":0,"k":0},"o":{"a":0,"k":100,"ix":11}},"ef":[{"ty":0,"mn":"ADBE Turbulent Displace","nm":"Turbulent Displace","ix":1,"en":1,"ef":[{"ty":7,"mn":"ADBE Turbulent Displace-0001","nm":"Displacement","ix":1,"v":{"a":0,"k":3,"ix":1}},{"ty":0,"mn":"ADBE Turbulent Displace-0002","nm":"Amount","ix":2,"v":{"a":0,"k":60,"ix":2}},{"ty":0,"mn":"ADBE Turbulent Displace-0003","nm":"Size","ix":3,"v":{"a":0,"k":30,"ix":3}},{"ty":3,"mn":"ADBE Turbulent Displace-0004","nm":"Offset (Turbulence)","ix":4,"v":{"a":0,"k":[960,540],"ix":4}},{"ty":0,"mn":"ADBE Turbulent Displace-0005","nm":"Complexity","ix":5,"v":{"a":0,"k":6.54,"ix":5}},{"ty":0,"mn":"ADBE Turbulent Displace-0006","nm":"Evolution","ix":6,"v":{"a":0,"k":152,"ix":6}},{"ty":6,"mn":"ADBE Turbulent Displace-0007","nm":"Evolution Options","ix":7,"v":0},{"ty":7,"mn":"ADBE Turbulent Displace-0008","nm":"Cycle Evolution","ix":8,"v":{"a":0,"k":0,"ix":8}},{"ty":0,"mn":"ADBE Turbulent Displace-0009","nm":"Cycle (in Revolutions)","ix":9,"v":{"a":0,"k":1,"ix":9}},{"ty":0,"mn":"ADBE Turbulent Displace-0010","nm":"Random Seed","ix":10,"v":{"a":0,"k":0,"ix":10}},{"ty":6,"mn":"ADBE Turbulent Displace-0011","nm":"Random Seed","ix":11,"v":0},{"ty":7,"mn":"ADBE Turbulent Displace-0012","nm":"Pinning","ix":12,"v":{"a":0,"k":3,"ix":12}},{"ty":7,"mn":"ADBE Turbulent Displace-0013","nm":"Resize Layer","ix":13,"v":{"a":0,"k":0,"ix":13}},{"ty":7,"mn":"ADBE Turbulent Displace-0014","nm":"Antialiasing for Best Quality","ix":14,"v":{"a":0,"k":1,"ix":14}}]}],"shapes":[{"ty":"gr","bm":0,"hd":false,"mn":"ADBE Vector Group","nm":"Shape 1","ix":1,"cix":2,"np":3,"it":[{"ty":"sh","bm":0,"hd":false,"mn":"ADBE Vector Shape - Group","nm":"Path 1","ix":1,"d":1,"ks":{"a":0,"k":{"c":false,"i":[[0,0],[-90,-136],[-38,12],[0,0]],"o":[[0,0],[69.281,104.691],[38,-12],[0,0]],"v":[[-360,-390],[-482,-20],[-174,0],[786,-416]]},"ix":2}},{"ty":"st","bm":0,"hd":false,"mn":"ADBE Vector Graphic - Stroke","nm":"Stroke 1","lc":1,"lj":1,"ml":4,"o":{"a":0,"k":100,"ix":4},"w":{"a":0,"k":8,"ix":5},"c":{"a":0,"k":[1,1,1],"ix":3}},{"ty":"tr","a":{"a":0,"k":[0,0],"ix":1},"s":{"a":0,"k":[100,100],"ix":3},"sk":{"a":0,"k":0,"ix":4},"p":{"a":0,"k":[0,0],"ix":2},"r":{"a":0,"k":0,"ix":6},"sa":{"a":0,"k":0,"ix":5},"o":{"a":0,"k":100,"ix":7}}]},{"ty":"gr","bm":0,"hd":false,"mn":"ADBE Vector Group","nm":"Group 1","ix":2,"cix":2,"np":1,"it":[{"ty":"st","bm":0,"hd":false,"mn":"ADBE Vector Graphic - Stroke","nm":"Stroke 1","lc":1,"lj":1,"ml":4,"o":{"a":0,"k":100,"ix":4},"w":{"a":1,"k":[{"o":{"x":0.333,"y":0},"i":{"x":0.667,"y":1},"s":[94],"t":63.233},{"s":[0],"t":155.233339656117}],"ix":5},"c":{"a":0,"k":[1,1,1],"ix":3}},{"ty":"tr","a":{"a":0,"k":[0,0],"ix":1},"s":{"a":0,"k":[100,100],"ix":3},"sk":{"a":0,"k":0,"ix":4},"p":{"a":0,"k":[0,0],"ix":2},"r":{"a":0,"k":0,"ix":6},"sa":{"a":0,"k":0,"ix":5},"o":{"a":0,"k":100,"ix":7}}]},{"ty":"tm","bm":0,"hd":false,"mn":"ADBE Vector Filter - Trim","nm":"Trim Paths 1","ix":3,"e":{"a":1,"k":[{"o":{"x":0.333,"y":0},"i":{"x":0.667,"y":1},"s":[0],"t":63.233},{"s":[100],"t":155.233339656117}],"ix":2},"o":{"a":0,"k":0,"ix":3},"s":{"a":1,"k":[{"o":{"x":0.333,"y":0},"i":{"x":0.667,"y":1},"s":[0],"t":78.567},{"s":[100],"t":173.633340405564}],"ix":1},"m":1}],"ind":4},{"ty":4,"nm":"up top","sr":0.76666666666667,"st":18.000000733155,"op":230.000009368092,"ip":18.000000733155,"hd":false,"ddd":0,"bm":0,"hasMask":false,"ao":0,"ks":{"a":{"a":0,"k":[0,0,0],"ix":1},"s":{"a":0,"k":[100,100,100],"ix":6},"sk":{"a":0,"k":0},"p":{"a":0,"k":[979.518,518.313,0],"ix":2},"r":{"a":0,"k":0,"ix":10},"sa":{"a":0,"k":0},"o":{"a":0,"k":100,"ix":11}},"ef":[{"ty":0,"mn":"ADBE Turbulent Displace","nm":"Turbulent Displace","ix":1,"en":1,"ef":[{"ty":7,"mn":"ADBE Turbulent Displace-0001","nm":"Displacement","ix":1,"v":{"a":0,"k":2,"ix":1}},{"ty":0,"mn":"ADBE Turbulent Displace-0002","nm":"Amount","ix":2,"v":{"a":0,"k":102,"ix":2}},{"ty":0,"mn":"ADBE Turbulent Displace-0003","nm":"Size","ix":3,"v":{"a":0,"k":32,"ix":3}},{"ty":3,"mn":"ADBE Turbulent Displace-0004","nm":"Offset (Turbulence)","ix":4,"v":{"a":0,"k":[960,540],"ix":4}},{"ty":0,"mn":"ADBE Turbulent Displace-0005","nm":"Complexity","ix":5,"v":{"a":0,"k":6.77,"ix":5}},{"ty":0,"mn":"ADBE Turbulent Displace-0006","nm":"Evolution","ix":6,"v":{"a":0,"k":152,"ix":6}},{"ty":6,"mn":"ADBE Turbulent Displace-0007","nm":"Evolution Options","ix":7,"v":0},{"ty":7,"mn":"ADBE Turbulent Displace-0008","nm":"Cycle Evolution","ix":8,"v":{"a":0,"k":0,"ix":8}},{"ty":0,"mn":"ADBE Turbulent Displace-0009","nm":"Cycle (in Revolutions)","ix":9,"v":{"a":0,"k":1,"ix":9}},{"ty":0,"mn":"ADBE Turbulent Displace-0010","nm":"Random Seed","ix":10,"v":{"a":0,"k":0,"ix":10}},{"ty":6,"mn":"ADBE Turbulent Displace-0011","nm":"Random Seed","ix":11,"v":0},{"ty":7,"mn":"ADBE Turbulent Displace-0012","nm":"Pinning","ix":12,"v":{"a":0,"k":3,"ix":12}},{"ty":7,"mn":"ADBE Turbulent Displace-0013","nm":"Resize Layer","ix":13,"v":{"a":0,"k":0,"ix":13}},{"ty":7,"mn":"ADBE Turbulent Displace-0014","nm":"Antialiasing for Best Quality","ix":14,"v":{"a":0,"k":1,"ix":14}}]}],"shapes":[{"ty":"gr","bm":0,"hd":false,"mn":"ADBE Vector Group","nm":"Shape 1","ix":1,"cix":2,"np":3,"it":[{"ty":"sh","bm":0,"hd":false,"mn":"ADBE Vector Shape - Group","nm":"Path 1","ix":1,"d":1,"ks":{"a":0,"k":{"c":false,"i":[[0,0],[-108,-64],[-38,12],[0,0]],"o":[[0,0],[108,64],[38,-12],[0,0]],"v":[[-464,-232],[-472,8],[-174,0],[646,-222]]},"ix":2}},{"ty":"st","bm":0,"hd":false,"mn":"ADBE Vector Graphic - Stroke","nm":"Stroke 1","lc":1,"lj":1,"ml":4,"o":{"a":0,"k":100,"ix":4},"w":{"a":0,"k":8,"ix":5},"c":{"a":0,"k":[1,1,1],"ix":3}},{"ty":"tr","a":{"a":0,"k":[0,0],"ix":1},"s":{"a":0,"k":[100,100],"ix":3},"sk":{"a":0,"k":0,"ix":4},"p":{"a":0,"k":[0,0],"ix":2},"r":{"a":0,"k":0,"ix":6},"sa":{"a":0,"k":0,"ix":5},"o":{"a":0,"k":100,"ix":7}}]},{"ty":"gr","bm":0,"hd":false,"mn":"ADBE Vector Group","nm":"Group 1","ix":2,"cix":2,"np":1,"it":[{"ty":"st","bm":0,"hd":false,"mn":"ADBE Vector Graphic - Stroke","nm":"Stroke 1","lc":1,"lj":1,"ml":4,"o":{"a":0,"k":100,"ix":4},"w":{"a":0,"k":50,"ix":5},"c":{"a":0,"k":[1,1,1],"ix":3}},{"ty":"tr","a":{"a":0,"k":[0,0],"ix":1},"s":{"a":0,"k":[100,100],"ix":3},"sk":{"a":0,"k":0,"ix":4},"p":{"a":0,"k":[0,0],"ix":2},"r":{"a":0,"k":0,"ix":6},"sa":{"a":0,"k":0,"ix":5},"o":{"a":0,"k":100,"ix":7}}]},{"ty":"tm","bm":0,"hd":false,"mn":"ADBE Vector Filter - Trim","nm":"Trim Paths 1","ix":3,"e":{"a":1,"k":[{"o":{"x":0.333,"y":0},"i":{"x":0.667,"y":1},"s":[0],"t":54.8},{"s":[100],"t":160.600006541372}],"ix":2},"o":{"a":0,"k":0,"ix":3},"s":{"a":1,"k":[{"o":{"x":0.333,"y":0},"i":{"x":0.667,"y":1},"s":[0],"t":70.133},{"s":[100],"t":179.000007290819}],"ix":1},"m":1}],"ind":5},{"ty":4,"nm":"1st effect","sr":0.76666666666667,"st":66.0000026882351,"op":230.000009368092,"ip":66.0000026882351,"hd":false,"ddd":0,"bm":0,"hasMask":false,"ao":0,"ks":{"a":{"a":0,"k":[0,0,0],"ix":1},"s":{"a":0,"k":[267,267,100],"ix":6},"sk":{"a":0,"k":0},"p":{"a":0,"k":[960,540,0],"ix":2},"r":{"a":0,"k":0,"ix":10},"sa":{"a":0,"k":0},"o":{"a":0,"k":100,"ix":11}},"ef":[{"ty":0,"mn":"ADBE Turbulent Displace","nm":"Turbulent Displace","ix":1,"en":1,"ef":[{"ty":7,"mn":"ADBE Turbulent Displace-0001","nm":"Displacement","ix":1,"v":{"a":0,"k":1,"ix":1}},{"ty":0,"mn":"ADBE Turbulent Displace-0002","nm":"Amount","ix":2,"v":{"a":0,"k":-51,"ix":2}},{"ty":0,"mn":"ADBE Turbulent Displace-0003","nm":"Size","ix":3,"v":{"a":0,"k":100,"ix":3}},{"ty":3,"mn":"ADBE Turbulent Displace-0004","nm":"Offset (Turbulence)","ix":4,"v":{"a":0,"k":[960,540],"ix":4}},{"ty":0,"mn":"ADBE Turbulent Displace-0005","nm":"Complexity","ix":5,"v":{"a":0,"k":10,"ix":5}},{"ty":0,"mn":"ADBE Turbulent Displace-0006","nm":"Evolution","ix":6,"v":{"a":0,"k":152,"ix":6}},{"ty":6,"mn":"ADBE Turbulent Displace-0007","nm":"Evolution Options","ix":7,"v":0},{"ty":7,"mn":"ADBE Turbulent Displace-0008","nm":"Cycle Evolution","ix":8,"v":{"a":0,"k":0,"ix":8}},{"ty":0,"mn":"ADBE Turbulent Displace-0009","nm":"Cycle (in Revolutions)","ix":9,"v":{"a":0,"k":1,"ix":9}},{"ty":0,"mn":"ADBE Turbulent Displace-0010","nm":"Random Seed","ix":10,"v":{"a":0,"k":0,"ix":10}},{"ty":6,"mn":"ADBE Turbulent Displace-0011","nm":"Random Seed","ix":11,"v":0},{"ty":7,"mn":"ADBE Turbulent Displace-0012","nm":"Pinning","ix":12,"v":{"a":0,"k":3,"ix":12}},{"ty":7,"mn":"ADBE Turbulent Displace-0013","nm":"Resize Layer","ix":13,"v":{"a":0,"k":0,"ix":13}},{"ty":7,"mn":"ADBE Turbulent Displace-0014","nm":"Antialiasing for Best Quality","ix":14,"v":{"a":0,"k":1,"ix":14}}]}],"shapes":[{"ty":"gr","bm":0,"hd":false,"mn":"ADBE Vector Group","nm":"Shape 1","ix":1,"cix":2,"np":3,"it":[{"ty":"sh","bm":0,"hd":false,"mn":"ADBE Vector Shape - Group","nm":"Path 1","ix":1,"d":1,"ks":{"a":0,"k":{"c":true,"i":[[0,0],[6.5,-7],[10,-30.5],[-50.5,-6],[0,0],[0,0],[27.715,-8.314],[38.5,22.5]],"o":[[0,0],[-6.5,7],[-10,30.5],[50.5,6],[0,0],[0,0],[-25,7.5],[-40.249,-23.522]],"v":[[-174.5,-87],[-189,-71.5],[-240,9],[-196,85.5],[-47,42],[244,-85],[-68,0],[-177,3.5]]},"ix":2}},{"ty":"st","bm":0,"hd":false,"mn":"ADBE Vector Graphic - Stroke","nm":"Stroke 1","lc":1,"lj":1,"ml":4,"o":{"a":0,"k":100,"ix":4},"w":{"a":1,"k":[{"o":{"x":0.333,"y":0},"i":{"x":0.667,"y":1},"s":[20],"t":86.7},{"s":[0],"t":230.066676037474}],"ix":5},"c":{"a":0,"k":[1,1,1],"ix":3}},{"ty":"tr","a":{"a":0,"k":[0,0],"ix":1},"s":{"a":0,"k":[100,100],"ix":3},"sk":{"a":0,"k":0,"ix":4},"p":{"a":0,"k":[0,0],"ix":2},"r":{"a":0,"k":0,"ix":6},"sa":{"a":0,"k":0,"ix":5},"o":{"a":0,"k":100,"ix":7}}]},{"ty":"tm","bm":0,"hd":false,"mn":"ADBE Vector Filter - Trim","nm":"Trim Paths 1","ix":2,"e":{"a":1,"k":[{"o":{"x":0.333,"y":0},"i":{"x":0.667,"y":1},"s":[0],"t":86.7},{"s":[100],"t":244.633343297453}],"ix":2},"o":{"a":0,"k":4,"ix":3},"s":{"a":1,"k":[{"o":{"x":0.333,"y":0},"i":{"x":0.667,"y":1},"s":[0],"t":86.7},{"s":[100],"t":230.066676037474}],"ix":1},"m":1}],"ind":6},{"ty":4,"nm":"shape logo","sr":0.76666666666667,"st":67.0000027289659,"op":230.000009368092,"ip":67.0000027289659,"hd":false,"ddd":0,"bm":0,"hasMask":false,"ao":0,"ks":{"a":{"a":0,"k":[0,0,0],"ix":1},"s":{"a":0,"k":[267,267,100],"ix":6},"sk":{"a":0,"k":0},"p":{"a":0,"k":[960,540,0],"ix":2},"r":{"a":0,"k":0,"ix":10},"sa":{"a":0,"k":0},"o":{"a":0,"k":100,"ix":11}},"ef":[{"ty":0,"mn":"Pseudo/BNCA2506f0b33","nm":"Excite - Path 1 - Path","ix":1,"en":1,"ef":[{"ty":7,"mn":"Pseudo/BNCA2506f0b33-0001","nm":"Enable","ix":1,"v":{"a":0,"k":1,"ix":1}},{"ty":6,"mn":"Pseudo/BNCA2506f0b33-0002","nm":"Properties","ix":2,"v":0},{"ty":0,"mn":"Pseudo/BNCA2506f0b33-0003","nm":"Overshoot","ix":3,"v":{"a":0,"k":20,"ix":3}},{"ty":0,"mn":"Pseudo/BNCA2506f0b33-0004","nm":"Bounce","ix":4,"v":{"a":0,"k":40,"ix":4}},{"ty":0,"mn":"Pseudo/BNCA2506f0b33-0005","nm":"Friction","ix":5,"v":{"a":0,"k":40,"ix":5}},{"ty":6,"mn":"Pseudo/BNCA2506f0b33-0006","nm":"","ix":6,"v":0}]},{"ty":0,"mn":"Pseudo/BNCA2506f0b33","nm":"Excite - Wiggle Paths 1 - Size","ix":2,"en":1,"ef":[{"ty":7,"mn":"Pseudo/BNCA2506f0b33-0001","nm":"Enable","ix":1,"v":{"a":0,"k":1,"ix":1}},{"ty":6,"mn":"Pseudo/BNCA2506f0b33-0002","nm":"Properties","ix":2,"v":0},{"ty":0,"mn":"Pseudo/BNCA2506f0b33-0003","nm":"Overshoot","ix":3,"v":{"a":0,"k":20,"ix":3}},{"ty":0,"mn":"Pseudo/BNCA2506f0b33-0004","nm":"Bounce","ix":4,"v":{"a":0,"k":40,"ix":4}},{"ty":0,"mn":"Pseudo/BNCA2506f0b33-0005","nm":"Friction","ix":5,"v":{"a":0,"k":40,"ix":5}},{"ty":6,"mn":"Pseudo/BNCA2506f0b33-0006","nm":"","ix":6,"v":0}]}],"shapes":[{"ty":"gr","bm":0,"hd":false,"mn":"ADBE Vector Group","nm":"Shape 1","ix":1,"cix":2,"np":3,"it":[{"ty":"sh","bm":0,"hd":false,"mn":"ADBE Vector Shape - Group","nm":"Path 1","ix":1,"d":1,"ks":{"a":1,"k":[{"o":{"x":0.167,"y":0.167},"i":{"x":0.833,"y":0.833},"s":[{"c":true,"i":[[0,0],[6.5,-7],[1,-3],[-1,-1.5],[0,0],[0,0],[-1.5,5.5],[0,2.693]],"o":[[0,0],[-6.5,7],[-1.581,4.743],[5.328,7.992],[0,0],[0,0],[1.471,-5.393],[0,0.5]],"v":[[-174.5,-87],[-175,-87],[-174,-88],[-176.5,-88],[-177,-87.5],[-175,-88.5],[-175,-87],[-174,-86]]}],"t":67},{"o":{"x":0.167,"y":0.167},"i":{"x":0.833,"y":0.833},"s":[{"c":true,"i":[[0,0],[6.5,-7],[0,-32.097],[-8.236,-6.589],[0,0],[0,0],[-1.5,5.5],[1,2.5]],"o":[[0,0],[-6.5,7],[0,5],[7.5,6],[0,0],[0,0],[1.471,-5.393],[-17.314,-43.284]],"v":[[-174.5,-87],[-189,-71.5],[-219,-11.5],[-215.5,15.5],[-203.5,14],[-197.5,11],[-194.5,4],[-190,-4.5]]}],"t":86.167},{"o":{"x":0.167,"y":0.167},"i":{"x":0.833,"y":0.833},"s":[{"c":true,"i":[[0,0],[6.5,-7],[10,-30.5],[-50.5,-6],[0,0],[0,0],[0,21.5],[38.5,22.5]],"o":[[0,0],[-6.5,7],[-10,30.5],[50.5,6],[0,0],[0,0],[0,-5.59],[-40.249,-23.522]],"v":[[-174.5,-87],[-189,-71.5],[-240,9],[-207,73.5],[-172.5,66],[-164,51.5],[-161,31.5],[-185.5,1.5]]}],"t":109.167},{"o":{"x":0.167,"y":0.167},"i":{"x":0,"y":1},"s":[{"c":true,"i":[[0,0],[6.5,-7],[10,-30.5],[-50.5,-6],[0,0],[0,0],[27.715,-8.314],[38.5,22.5]],"o":[[0,0],[-6.5,7],[-10,30.5],[50.5,6],[0,0],[0,0],[-25,7.5],[-40.249,-23.522]],"v":[[-174.5,-87],[-189,-71.5],[-240,9],[-196,85.5],[-47,42],[-44,27],[-68,0],[-177,3.5]]}],"t":137.533},{"s":[{"c":true,"i":[[0,0],[6.5,-7],[10,-30.5],[-50.5,-6],[0,0],[0,0],[27.715,-8.314],[38.5,22.5]],"o":[[0,0],[-6.5,7],[-10,30.5],[50.5,6],[0,0],[0,0],[-25,7.5],[-40.249,-23.522]],"v":[[-174.5,-87],[-189,-71.5],[-240,9],[-196,85.5],[-47,42],[244,-85],[-68,0],[-177,3.5]]}],"t":173.566673736182}],"ix":2}},{"ty":"st","bm":0,"hd":false,"mn":"ADBE Vector Graphic - Stroke","nm":"Stroke 1","lc":1,"lj":1,"ml":4,"o":{"a":0,"k":100,"ix":4},"w":{"a":0,"k":0,"ix":5},"c":{"a":0,"k":[0.3059,0.7333,0.4784],"ix":3}},{"ty":"fl","bm":0,"hd":false,"mn":"ADBE Vector Graphic - Fill","nm":"Fill 1","c":{"a":0,"k":[0.9725,0.9725,0.9725],"ix":4},"r":1,"o":{"a":0,"k":100,"ix":5}},{"ty":"tr","a":{"a":0,"k":[0,0],"ix":1},"s":{"a":0,"k":[100,100],"ix":3},"sk":{"a":0,"k":0,"ix":4},"p":{"a":0,"k":[0,0],"ix":2},"r":{"a":0,"k":0,"ix":6},"sa":{"a":0,"k":0,"ix":5},"o":{"a":0,"k":100,"ix":7}}]}],"ind":7},{"ty":1,"nm":"Black Solid 1","sr":0.76666666666667,"st":0,"op":230.000009368092,"ip":0,"hd":false,"ddd":0,"bm":0,"hasMask":false,"ao":0,"ks":{"a":{"a":0,"k":[960,540,0],"ix":1},"s":{"a":0,"k":[100,100,100],"ix":6},"sk":{"a":0,"k":0},"p":{"a":0,"k":[960,540,0],"ix":2},"r":{"a":0,"k":0,"ix":10},"sa":{"a":0,"k":0},"o":{"a":0,"k":100,"ix":11}},"ef":[],"sc":"#262a35","sh":1080,"sw":1920,"ind":8}],"v":"5.7.13","fr":59.9400024414063,"op":230.000009368092,"ip":0,"assets":[]}